,ui,simgic,icca,simgic_jz,nsimgic,jaccard_best_avg,jaccard_avg,resnik_avg,resnik_best_avg,owlsim_max,owlsim_avg,owlsim_combined,lin_avg,lin_best_avg,jc_avg,jc_best_avg
NCR,0.736035839654176,0.693562506210187,112.0238042344246,1.0370935789638676,0.6178626302197915,0.7901324112844745,0.39099847846972885,3.226830438465542,5.974518521962391,88.4584672278109,82.80074633809363,85.62960678295224,0.4217807301913742,0.8047648302035972,0.2880263548613722,0.6909516662018322
TextAnalytics,0.5396692375957085,0.49857214200264005,78.75354206131132,0.7720602109326901,0.4248168519885128,0.6058820316265987,0.3700455287681088,3.035694744608028,4.633690042498188,74.99299011801699,69.37319979070604,72.18309495436152,0.4046481524227393,0.634486169653017,0.28283199488432215,0.5131758751476323
ClinPhen,0.7139688851862911,0.6669753253588804,107.93728585288652,1.0487012594729201,0.6208982031861568,0.7803061914117757,0.40804566053553576,3.356942967900125,5.7676068987814775,85.60771045534166,81.86378669212617,83.73574857373387,0.4553528550842655,0.8009009946679152,0.30106157934955396,0.7230279998865773
BioLink,0.6494275644676981,0.5982300193540105,99.09273791882727,0.9734942239970787,0.5564954353126726,0.7299875051607337,0.3900009713574387,3.1616363202549413,5.309040522394117,80.82998445801064,76.37911086041241,78.6045476592115,0.4373875638529371,0.7469582298125166,0.28633381502983063,0.6483037974216811
IHP,0.08786990588512096,0.04725038833034603,14.894735444860556,0.1603455301849118,0.043001420915497496,0.2175290109608848,0.10692908636381616,0.5924312312393807,1.793034554556305,31.610024347422364,19.41842205810603,25.514223202764203,0.0763949031769556,0.2387939596623612,0.07950778909257047,0.13793160394041673
